{
    "x_vals": [
        42.80179811442228,
        27.160116929933544,
        43.12624617248328,
        0.0,
        60.78035679018733,
        59.89011304999565,
        100.0,
        25.664287301201263,
        88.39914970715401,
        85.18286189525924
    ],
    "y_vals": [
        42.85430005312504,
        22.88051047740947,
        41.77992589590263,
        0.0,
        59.94095258264416,
        57.322735569871334,
        100.0,
        23.82552102982118,
        86.68922812283719,
        88.85935932645938
    ],
    "coeff": 79.17250380826646,
    "y_int": 0
}{
    "x_vals": [
        0.0,
        38.06718698230783,
        43.826330953452704,
        100.0,
        64.76398468527795,
        41.76065072653623,
        97.02283819181133,
        78.2667333601786,
        30.362423782519034,
        50.7165244615671
    ],
    "y_vals": [
        0.0,
        50.76241432238286,
        12.169843572355306,
        100.0,
        72.18425306779915,
        92.93507180662361,
        52.86297754064973,
        81.57279363020997,
        40.44189676461553,
        45.50725101188998
    ],
    "coeff": 2.7387593197926163,
    "y_int": 0
}{
    "x_vals": [
        23.591045061198727,
        28.551656990375836,
        34.276713205562785,
        32.49567683005276,
        9.076221748531045,
        45.53034071100506,
        0.0,
        55.07606239574435,
        100.0,
        69.8821829996679
    ],
    "y_vals": [
        25.66212562340906,
        30.540908012729396,
        36.877908243368395,
        32.62477987282242,
        12.606623696283826,
        44.70343361968559,
        0.0,
        56.451835335147585,
        100.0,
        73.14668097716665
    ],
    "coeff": 62.11338327692949,
    "y_int": 0
}{
    "x_vals": [
        48.75936847870042,
        33.8568181799986,
        37.958068911109265,
        53.66717248841767,
        43.42967891996661,
        41.31116277526163,
        100.0,
        0.0,
        62.977169774389,
        49.825141234375835
    ],
    "y_vals": [
        44.36677529503217,
        31.784288075162014,
        40.901520308092685,
        51.8404039112137,
        39.13669024326502,
        41.251036917808435,
        100.0,
        0.0,
        59.25686851554898,
        47.625731036297196
    ],
    "coeff": 64.91440476147608,
    "y_int": 0
}{
    "x_vals": [
        100.0,
        84.13869181393716,
        41.12371359861178,
        51.19340412881754,
        0.0,
        95.82897260674122,
        71.77404759003711,
        91.4999018133611,
        19.18643034595946,
        25.839459739213517
    ],
    "y_vals": [
        100.0,
        93.70627951544033,
        61.31075219336283,
        42.511105966354464,
        53.045619031925995,
        21.069743390621372,
        29.097257046388826,
        56.19967688754009,
        0.0,
        42.375121465133475
    ],
    "coeff": 0.8986097667554982,
    "y_int": 0
}{
    "x_vals": [
        74.60212102727725,
        9.508844472490718,
        32.83935482479959,
        40.43288740859124,
        100.0,
        0.0,
        19.67483738202873,
        17.31621649662287,
        17.346162395997496,
        30.504226070781534
    ],
    "y_vals": [
        77.8241086526878,
        8.700501407112338,
        31.223891134625305,
        39.05346934894213,
        100.0,
        0.0,
        16.824873445677785,
        14.122512072366176,
        15.512099911160345,
        37.465115455738854
    ],
    "coeff": 44.13092228959531,
    "y_int": 0
}